Name,Chain,Score,Query start,Query end,1,2,3,4,5,6,7,8,9,10,11,12,13,14,15,16,17,18,19,20,21,22,23,24,25,26,27,28,29,30,31,32,33,34,35,36,37,38,39,40,41,42,43,44,45,46,47,48,49,50,51,52,53,54,55,56,57,58,59,60,61,62,63,64,65,66,67,68,69,70,71,72,73,74,75,76,77,78,79,80,81,82,83,84,85,86,87,88,89,90,91,92,93,94,95,96,97,98,99,100,101,102,103,104,105,106,107,108,109,110,111,111A,111B,111C,112C,112B,112A,112,113,114,115,116,117,118,119,120,121,122,123,124,125,126,127,128
mAb1,H,30.796611785888672,0,120,E,V,Q,L,V,E,S,G,G,-,G,L,V,Q,P,G,R,S,L,R,L,S,C,A,A,S,G,F,T,F,-,-,-,-,D,D,Y,A,M,H,W,V,R,Q,A,P,G,K,G,L,E,W,V,S,A,I,T,W,N,-,-,S,G,H,I,D,Y,A,D,S,V,E,-,G,R,F,T,I,S,R,D,N,A,K,N,S,L,Y,L,Q,M,N,S,L,R,A,E,D,T,A,V,Y,Y,C,A,K,V,S,Y,L,S,-,-,-,-,-,T,A,S,S,L,D,Y,W,G,Q,G,T,L,V,T,V,S,S
mAb2,H,30.539264678955078,0,117,E,V,Q,L,V,E,S,G,G,-,G,L,V,Q,P,G,G,S,L,R,L,S,C,A,A,S,G,F,T,F,-,-,-,-,S,D,S,W,I,H,W,V,R,Q,A,P,G,K,G,L,E,W,V,A,W,I,S,P,Y,-,-,G,G,S,T,Y,Y,A,D,S,V,K,-,G,R,F,T,I,S,A,D,T,S,K,N,T,A,Y,L,Q,M,N,S,L,R,A,E,D,T,A,V,Y,Y,C,A,R,R,H,W,P,-,-,-,-,-,-,-,-,G,G,F,D,Y,W,G,Q,G,T,L,V,T,V,S,A
mAb3,H,29.936283111572266,0,118,Q,V,Q,L,K,Q,S,G,P,-,G,L,V,Q,P,S,Q,S,L,S,I,T,C,T,V,S,G,F,S,L,-,-,-,-,T,N,Y,G,V,H,W,V,R,Q,S,P,G,K,G,L,E,W,L,G,V,I,W,S,G,-,-,-,G,N,T,D,Y,N,T,P,F,T,-,S,R,L,S,I,N,K,D,N,S,K,S,Q,V,F,F,K,M,N,S,L,Q,S,N,D,T,A,I,Y,Y,C,A,R,A,L,T,Y,Y,-,-,-,-,-,-,D,Y,E,F,A,Y,W,G,Q,G,T,L,V,T,V,S,A
mAb4,H,30.83603858947754,0,121,E,V,Q,L,L,E,S,G,G,-,G,L,V,Q,P,G,G,S,L,R,L,S,C,A,V,S,G,F,T,F,-,-,-,-,N,S,F,A,M,S,W,V,R,Q,A,P,G,K,G,L,E,W,V,S,A,I,S,G,S,-,-,G,G,G,T,Y,Y,A,D,S,V,K,-,G,R,F,T,I,S,R,D,N,S,K,N,T,L,Y,L,Q,M,N,S,L,R,A,E,D,T,A,V,Y,F,C,A,K,D,K,I,L,W,F,-,-,-,-,G,E,P,V,F,D,Y,W,G,Q,G,T,L,V,T,V,S,S
mAb5,H,30.71306800842285,0,121,E,V,Q,L,L,E,S,G,G,-,G,L,V,Q,P,G,G,S,L,R,L,S,C,A,A,S,G,F,T,F,-,-,-,-,S,S,Y,A,M,S,W,V,R,Q,A,P,G,K,G,L,E,W,V,S,G,I,T,G,S,-,-,G,G,S,T,Y,Y,A,D,S,V,K,-,G,R,F,T,I,S,R,D,N,S,K,N,T,L,Y,L,Q,M,N,S,L,R,A,E,D,T,A,V,Y,Y,C,A,K,D,P,G,T,T,V,-,-,-,-,I,M,S,W,F,D,P,W,G,Q,G,T,L,V,T,V,S,S
mAb6,H,30.652019500732422,0,125,Q,V,Q,L,V,E,S,G,G,-,G,V,V,Q,P,G,R,S,L,R,L,S,C,A,A,S,G,F,I,F,-,-,-,-,S,S,Y,A,M,H,W,V,R,Q,A,P,G,N,G,L,E,W,V,A,F,M,S,Y,D,-,-,G,S,N,K,K,Y,A,D,S,V,K,-,G,R,F,T,I,S,R,D,N,S,K,N,T,L,Y,L,Q,M,N,S,L,R,A,E,D,T,A,V,Y,Y,C,A,R,D,R,G,I,A,A,G,G,N,Y,Y,Y,Y,G,M,D,V,W,G,Q,G,T,T,V,T,V,S,S
mAb7,H,30.422609329223633,0,119,E,V,K,L,E,E,S,G,G,-,G,L,V,Q,P,G,G,S,M,K,L,S,C,V,A,S,G,F,I,F,-,-,-,-,S,N,H,W,M,N,W,V,R,Q,S,P,E,K,G,L,E,W,V,A,E,I,R,S,K,S,I,N,S,A,T,H,Y,A,E,S,V,K,-,G,R,F,T,I,S,R,D,D,S,K,S,A,V,Y,L,Q,M,T,D,L,R,T,E,D,T,G,V,Y,Y,C,S,R,N,Y,Y,G,-,-,-,-,-,-,-,-,S,T,Y,D,Y,W,G,Q,G,T,T,L,T,V,S,S
mAb8,H,30.77830696105957,0,120,E,V,Q,L,V,E,S,G,G,-,G,L,V,Q,P,G,G,S,L,R,L,S,C,A,V,S,G,Y,S,I,T,-,-,-,S,G,Y,S,W,N,W,I,R,Q,A,P,G,K,G,L,E,W,V,A,S,I,T,Y,D,-,-,-,G,S,T,N,Y,N,P,S,V,K,-,G,R,I,T,I,S,R,D,D,S,K,N,T,F,Y,L,Q,M,N,S,L,R,A,E,D,T,A,V,Y,Y,C,A,R,G,S,H,Y,F,-,-,-,-,-,G,H,W,H,F,A,V,W,G,Q,G,T,L,V,T,V,S,S
mAb9,H,30.892398834228516,0,118,Q,V,Q,L,Q,E,S,G,P,-,G,L,V,K,P,S,E,T,L,S,L,T,C,T,V,S,G,G,S,V,S,-,-,S,G,D,Y,Y,W,T,W,I,R,Q,S,P,G,K,G,L,E,W,I,G,H,I,Y,Y,S,-,-,-,G,N,T,N,Y,N,P,S,L,K,-,S,R,L,T,I,S,I,D,T,S,K,T,Q,F,S,L,K,L,S,S,V,T,A,A,D,T,A,I,Y,Y,C,V,R,D,R,V,T,-,-,-,-,-,-,-,-,G,A,F,D,I,W,G,Q,G,T,M,V,T,V,S,S
mAb10,H,30.914997100830078,0,118,E,V,Q,L,V,E,S,G,G,-,G,L,V,Q,P,G,G,S,L,R,L,S,C,A,A,S,G,F,T,F,-,-,-,-,T,D,Y,T,M,D,W,V,R,Q,A,P,G,K,G,L,E,W,V,A,D,V,N,P,N,-,-,S,G,G,S,I,Y,N,Q,R,F,K,-,G,R,F,T,L,S,V,D,R,S,K,N,T,L,Y,L,Q,M,N,S,L,R,A,E,D,T,A,V,Y,Y,C,A,R,N,L,G,P,-,-,-,-,-,-,-,S,F,Y,F,D,Y,W,G,Q,G,T,L,V,T,V,S,S
mAb11,H,30.50606346130371,0,118,Q,V,Q,L,Q,E,S,G,P,-,G,L,V,R,P,S,Q,T,L,S,L,T,C,T,V,S,G,Y,S,I,T,-,-,-,S,D,H,A,W,S,W,V,R,Q,P,P,G,R,G,L,E,W,I,G,Y,I,S,Y,S,-,-,-,G,I,T,T,Y,N,P,S,L,K,-,S,R,V,T,M,L,R,D,T,S,K,N,Q,F,S,L,R,L,S,S,V,T,A,A,D,T,A,V,Y,Y,C,A,R,S,L,A,R,-,-,-,-,-,-,-,T,T,A,M,D,Y,W,G,Q,G,S,L,V,T,V,S,S
mAb12,H,30.943492889404297,0,120,Q,V,Q,L,V,Q,S,G,A,-,E,V,K,K,P,G,A,S,V,K,V,S,C,K,G,S,G,Y,T,F,-,-,-,-,T,S,Y,W,M,H,W,V,R,Q,A,P,G,Q,R,L,E,W,I,G,E,I,D,P,S,-,-,E,S,N,T,N,Y,N,Q,K,F,K,-,G,R,V,T,L,T,V,D,I,S,A,S,T,A,Y,M,E,L,S,S,L,R,S,E,D,T,A,V,Y,Y,C,A,R,G,G,Y,D,G,-,-,-,-,-,W,D,Y,A,I,D,Y,W,G,Q,G,T,L,V,T,V,S,S
mAb13,H,30.21681022644043,0,114,-,-,Q,L,Q,Q,S,G,T,-,V,L,A,R,P,G,A,S,V,K,M,S,C,K,A,S,G,Y,S,F,-,-,-,-,T,R,Y,W,M,H,W,I,K,Q,R,P,G,Q,G,L,E,W,I,G,A,I,Y,P,G,-,-,N,S,D,T,S,Y,N,Q,K,F,E,-,G,K,A,K,L,T,A,V,T,S,A,S,T,A,Y,M,E,L,S,S,L,T,H,E,D,S,A,V,Y,Y,C,S,R,D,Y,G,-,-,-,-,-,-,-,-,-,Y,Y,F,D,F,W,G,Q,G,T,T,L,T,V,S,S
mAb14,H,31.082168579101562,0,122,Q,V,Q,L,V,Q,S,G,A,-,E,V,K,K,P,G,A,S,V,K,V,S,C,K,A,S,G,F,N,I,-,-,-,-,K,D,T,Y,I,H,W,V,R,Q,A,P,G,Q,R,L,E,W,M,G,R,I,D,P,A,-,-,N,G,Y,T,K,Y,D,P,K,F,Q,-,G,R,V,T,I,T,A,D,T,S,A,S,T,A,Y,M,E,L,S,S,L,R,S,E,D,E,A,V,Y,Y,C,A,R,E,G,Y,Y,G,N,-,-,-,Y,G,V,Y,A,M,D,Y,W,G,Q,G,T,L,V,T,V,S,S
mAb15,H,31.1747989654541,0,119,Q,V,Q,L,V,Q,S,G,A,-,E,V,K,K,P,G,A,S,V,K,V,S,C,K,A,S,G,Y,T,F,-,-,-,-,T,S,Y,Y,I,H,W,V,R,Q,A,P,G,Q,G,L,E,W,I,G,C,I,Y,P,G,-,-,N,V,N,T,N,Y,N,E,K,F,K,-,D,R,A,T,L,T,V,D,T,S,I,S,T,A,Y,M,E,L,S,R,L,R,S,D,D,T,A,V,Y,F,C,T,R,S,H,Y,G,L,-,-,-,-,-,-,D,W,N,F,D,V,W,G,Q,G,T,T,V,T,V,S,S
mAb16,H,30.61737823486328,0,122,E,V,Q,L,V,E,S,G,G,-,G,L,V,Q,P,G,G,S,L,R,L,S,C,A,A,S,G,F,T,F,-,-,-,-,S,S,Y,A,M,S,W,V,R,Q,A,P,G,K,G,L,E,W,V,S,Q,I,S,P,A,-,-,G,G,Y,T,N,Y,A,D,S,V,K,-,G,R,F,T,I,S,A,D,T,S,K,N,T,A,Y,L,Q,M,N,S,L,R,A,E,D,T,A,V,Y,Y,C,A,R,G,E,L,P,Y,Y,-,-,-,R,M,S,K,V,M,D,V,W,G,Q,G,T,L,V,T,V,S,S
